USE alienvault;
SET AUTOCOMMIT=0;
BEGIN;

-- Alarm taxonomy
CREATE TABLE IF NOT EXISTS `alienvault`.`alarm_taxonomy` (
  `sid` INT( 11 ) NOT NULL , `kingdom` INT( 11 ) NOT NULL , `category` INT( 11 ) NOT NULL , `subcategory` TEXT NOT NULL , PRIMARY KEY (  `sid` ), KEY `subcategory` (`subcategory`(255))
) ENGINE = INNODB DEFAULT CHARSET=utf8;

REPLACE INTO `alarm_taxonomy` (`sid`, `kingdom`, `category`, `subcategory`) VALUES
(27001, 4, 33, 'Modbus SCADA devices'), (27002, 4, 33, 'Modbus SCADA devices'), (27003, 4, 33, 'Modbus SCADA devices'), (27004, 3, 20, 'DATAC RealWin SCADA exploit'), (27005, 3, 20, 'Siemens Tecnomatix FactoryLink SCADA exploit'), (27006, 3, 20, 'Iconics Genesis SCADA exploit'), (27007, 3, 20, 'Technologies IGSS SCADA exploit'), (27008, 3, 20, 'Siemens FactoryLink 8 CSService exploit'), (27009, 3, 20, 'MOXA Device Manager tool exploitation'), (27010, 1, 20, 'Schneider Modicon Quantum PLC login and password retrieval'), (28001, 2, 23, 'Port security violation'), (28002, 2, 23, 'Too many OSPF adjacency changes'), (28003, 2, 23, 'Too many HSRP state changes'), (28004, 2, 23, 'Too many HSRP state changes'), (28005, 1, 25, 'HSRP hijacking'), (28006, 2, 11, 'Cisco device'), (28007, 2, 23, 'Fragmented traffic'), (28008, 2, 23, 'IP conflict'), (28009, 2, 23, 'IKE Security issue'), (28010, 1, 23, 'Multiple ISAKMP anomalies'), (28011, 2, 23, 'Too many dropped inbound packets'), (28012, 2, 23, 'Too many dropped inbound packets'), (28013, 2, 23, 'Peer Anomaly'), (28014, 2, 23, 'Strange host behaviour'), (28015, 2, 23, 'Strange global behaviour'), (28017, 1, 23, 'Too many dropped packets'), (28020, 5, 3, 'Cisco router backdoor'), (28022, 1, 35, 'IP spoofing'), (28023, 1, 35, 'IP spoofing'), (28024, 1, 15, 'UDP Flood'), (28025, 1, 15, 'SYN Flood'), (28026, 1, 15, 'ICMP Flood'), (28027, 1, 15, 'UDP Flood'), (28028, 1, 15, 'Trin00 tool'), (28029, 1, 15, 'SYN flood'), (28030, 1, 15, 'Teardrop attack'), (28031, 1, 15, 'UDP flood'), (28032, 5, 2, 'LOIC DDoS tool detected'), (28033, 5, 12, 'DNS non-compliant traffic detected'), (28034, 2, 11, 'Cisco configured to write the config file and download via SNMP'), (29001, 5, 42, 'Suspicious successful login from Tor anonymity network'), (29002, 2, 23, 'FTP server running on internal host on non-common port'), (29003, 5, 37, 'Suspicious data POST to an image'), (29004, 1, 38, 'Suspicious executable download from a bad IP reputation web site'), (29005, 1, 38, 'Suspicious executable download from a bad IP reputation web site'), (29006, 1, 38, 'Suspicious executable download from a bad IP reputation site on non-common port'), (29007, 1, 38, 'Binary file downloaded from a suspicious website'), (29008, 5, 6, 'Suspicious SSL certificate connection from a bad IP reputation site'), (29009, 3, 37, 'Suspicious external IP retrieval after executable download'), (30001, 4, 46, 'SQLNinja Tool'), (30003, 4, 33, 'SIP'), (30004, 4, 33, 'SSH'), (30005, 4, 33, 'Proxy'), (30007, 4, 33, 'Web Applications'), (30008, 4, 46, 'Acunetix'), (30009, 1, 5, 'Hydra Hacking Tool'), (30010, 4, 28, 'Portscanner'), (30011, 4, 33, 'SIPvicious VOIP Tool'), (30012, 1, 19, 'Sipsak VOIP Hacking tool'), (30013, 4, 33, 'Finger'), (30015, 4, 33, 'HTTP'), (30016, 4, 33, 'PRoxy Discovery'), (30018, 1, 47, 'Injector SQL Hacking Tool'), (30019, 1, 47, 'Mysqloit'), (30020, 1, 47, 'WITOOL SQL Hacking Tool'), (30022, 4, 46, 'Nikto'), (30023, 4, 47, 'DirBuster'), (30024, 4, 46, 'Bsqlbf'), (30025, 4, 33, 'HTTP'), (30026, 4, 33, 'VNC'), (30028, 4, 33, 'Microsoft Remote Desktop'), (30029, 4, 46, 'W3af'), (30030, 4, 33, 'SIPvicious VOIP tool'), (30031, 4, 30, 'SSH Scanning'), (30032, 4, 24, 'PING'), (30033, 4, 46, 'SQLmap'), (30034, 4, 43, 'Nessus'), (30035, 4, 43, 'OpenVAS'), (30036, 4, 46, 'SkipFish'), (30037, 4, 33, 'RCP'), (30038, 4, 33, 'Too many connections'), (30039, 4, 33, 'Too many connections'), (30040, 4, 28, 'Nmap'), (30042, 5, 48, 'Internal Host scanning'), (30043, 5, 48, 'Internal Host scanning'), (30045, 5, 48, 'Internal Host scanning'), (30046, 5, 48, 'Internal Host scanning'), (30047, 5, 48, 'Internal Host scanning'), (30048, 5, 48, 'Internal Host scanning'), (30049, 5, 48, 'Internal Host scanning'), (30050, 5, 48, 'Internal Host scanning'), (30051, 5, 48, 'Internal Host scanning'), (30052, 5, 48, 'Internal Host scanning'), (30053, 5, 48, 'Internal Host scanning'), (30054, 5, 48, 'Internal Host scanning'), (30055, 5, 48, 'Internal Host scanning'), (30056, 4, 46, 'Vega'), (30057, 4, 30, 'Remote Desktop'), (30058, 4, 30, 'Telnet'), (30059, 4, 33, 'Telnet'), (30060, 4, 33, 'SNMP default community'), (30061, 4, 46, 'Arachni'), (30062, 4, 46, 'Vulnerability Scanner'), (30063, 4, 46, 'Vulnerability Scanner'), (30064, 4, 46, 'WebShag'), (30065, 4, 46, 'Wikto'), (30066, 4, 46, 'Stompy'), (30067, 4, 46, 'WSFuzzer'), (30068, 4, 46, 'HttPrint'), (30069, 4, 46, 'HttpRecon'), (30070, 4, 46, 'Hmap'), (30071, 4, 30, 'Worm behavior'), (30072, 4, 43, 'Cisco Torch'), (32001, 2, 18, 'Casino game client'), (32003, 2, 26, 'eDonkey'), (32004, 2, 26, 'BitTorrent'), (32005, 2, 26, 'Soulseek'), (32006, 2, 7, 'Google Talk'), (32007, 2, 7, 'Skype IM'), (32008, 2, 7, 'MSN Messenger'), (32009, 2, 7, 'Jabber'), (32010, 2, 7, 'IRC'), (32011, 2, 7, 'AIM'), (32012, 2, 7, 'Yahoo IM'), (32013, 2, 7, 'ICQ IM'), (32014, 2, 29, 'Microsoft Remote Desktop session established'), (32016, 5, 12, 'HTTP tunnel to external proxy'), (32020, 2, 18, 'X-Box Live'), (32021, 2, 14, 'Default password detected'), (32022, 2, 9, 'Credit card number detected in cleartext'), (32025, 2, 45, 'Weak Netbios authentication challenge'), (32026, 2, 45, 'Printer device without password detected'), (32027, 2, 26, 'Kademlia'), (32028, 2, 26, 'KuGoo'), (32029, 2, 45, 'Exchange 2003 OWA e-mail access without SSL'), (32030, 2, 26, 'Pando P2P'), (32031, 2, 26, 'LimeWire'), (32032, 2, 26, 'Direct Connect'), (32033, 3, 42, 'SMB Connection established without password from outside'), (32034, 2, 11, 'Configuration change on Cisco firewall'), (32035, 2, 39, 'Configuration problem on Cisco firewall'), (32036, 2, 11, 'User added on Cisco Firewall'), (32037, 2, 11, 'User deleted on Cisco Firewall'), (32038, 2, 45, 'VNC session established without authentication detected'), (32039, 2, 45, 'SQL Server without password detected'), (32040, 2, 29, 'TeamViewer'), (32041, 5, 12, 'Covert channel over ICMP'), (32042, 2, 7, 'Facebook'), (32043, 2, 17, 'Dropbox'), (32044, 2, 26, 'KaaZa'), (32045, 2, 7, 'TeamSpeak'), (32046, 2, 26, 'Gnutella'), (32047, 2, 26, 'Ares'), (32048, 2, 29, 'Chrome Remote Desktop'), (32049, 2, 29, 'Bomgar Remote Assistance'), (32050, 2, 7, 'Gadu-Gadu'), (32051, 2, 45, 'Password in cleartext detected in HTTP traffic'), (32052, 2, 29, 'Kaseya'), (32053, 2, 26, 'eChanblard'), (32054, 2, 29, 'Splashtop'), (32055, 5, 12, 'HTTP tunnel through web proxy established'), (32056, 2, 23, 'Traffic violation detected'), (32059, 2, 26, 'KuGoo P2P'), (32060, 2, 26, 'Qvod P2P'), (32061, 2, 44, 'Vulnerable Java version detected'), (32063, 2, 34, 'Linux package manager update detected'), (32064, 2, 34, 'Mac OS X software update'), (32065, 2, 27, 'BitCoin software usage detected'), (32066, 2, 18, 'Video game console detected'), (32068, 2, 44, 'Vulnerable Adobe Flash detected'), (32069, 5, 12, 'DNS covert channel'), (32070, 2, 29, 'VNC'), (32071, 2, 29, 'Citrix GotoMyPC'), (32072, 2, 29, 'ISL Online'), (32073, 2, 45, 'Password in cleartext detected in FTP traffic'), (32074, 2, 45, 'Password in cleartext detected in telnet traffic'), (32075, 2, 45, 'Password in cleartext detected in POP3 traffic'), (32076, 2, 45, 'Password in cleartext detected in IMAP traffic'), (32077, 2, 45, 'Password in cleartext detected in SMTP traffic'), (32078, 2, 17, 'Microsoft Online Storage'), (32080, 2, 23, ' HTTP traffic on HTTPS'), (32081, 5, 12, ' HTTP traffic on DNS port'), (32083, 2, 45, 'Password in cleartext detected in FTP traffic'), (32084, 2, 26, 'BitTorrent'), (32085, 2, 26, 'BitTorrent'), (32086, 2, 26, 'Ares'), (32087, 2, 7, 'Google Talk'), (32088, 2, 7, 'Skype'), (32089, 2, 7, 'MSN Messenger'), (32090, 2, 7, 'MSN Messenger'), (32091, 2, 7, 'Skype IM'), (32092, 2, 26, 'BitTorrent'), (32093, 2, 26, 'P2P traffic'), (32094, 2, 29, 'TeamViewer traffic'), (32095, 2, 26, 'Skymonk'), (32096, 5, 12, 'OpenSSL tunnel to external IP'), (32097, 5, 12, 'HTTP traffic on NTP port'), (32098, 2, 44, 'Vulnerable Apple iOS version'), (32099, 2, 18, 'Video game activity'), (32100, 2, 27, 'Pandora straming radio activity detected'), (32101, 2, 27, 'Important host using Apple iTunes application detected'), (32102, 2, 44, 'Vulnerable Apple iTunes version detected'), (32103, 2, 27, 'Mobile device activity detected'), (32104, 2, 12, 'IPv6 tunnel detected'), (32105, 2, 11, ' DNS update from external server detected'), (32106, 2, 27, 'Important host accesing video content websites'), (32107, 2, 14, 'Successful login with default password in Tomcat server'), (32108, 2, 45, ' FTP server allowing password in cleartext detected'), (34001, 1, 15, 'Web Server'), (34002, 1, 15, 'Oracle Server'), (34003, 1, 15, 'IIS Web Server - MS07-041'), (34004, 1, 15, 'Oracle Web Cache'), (34005, 1, 15, 'Voip Device'), (34006, 1, 15, 'Microsoft FTP Service - MS01-026'), (34007, 1, 15, 'MySQL Server - CVE-2006-3469'), (34008, 1, 15, 'PcAnywhere - CVE-2005-3934'), (34009, 1, 15, 'CVS Server - CVE-2005-0753'), (34010, 1, 15, 'Microsoft SSL Server - MS04-011'), (34011, 1, 15, 'Microsoft SMTP Server - MS04-011'), (34012, 1, 15, 'Microsoft POP3 Server - MS04-011'), (34013, 1, 15, 'Microsoft IMAP Server - MS04-011'), (34014, 1, 15, 'IIS Web Server - MS04-007'), (34015, 1, 15, 'Microsoft IIS FTP - MS02-018'), (34016, 1, 15, 'Microsoft Exchange Server - MS00-082'), (34018, 1, 15, 'MS06-035'), (34019, 1, 15, 'Microsoft streaming server - MS00-038'), (34020, 1, 15, 'Microsoft SQL Server'), (34022, 1, 15, 'MySQL Server - CVE-2009-0819'), (34024, 1, 15, 'Apache - CVE-2008-5457'), (34025, 1, 15, 'Exchange Server - MS07-026'), (34026, 1, 15, 'ISC BIND 9'), (34027, 1, 15, 'Windows SMB'), (34028, 1, 15, 'Cherokee'), (34029, 1, 15, 'Cisco IOS Web'), (34030, 1, 15, 'Cisco CBOS'), (34031, 1, 15, 'DNS Server'), (34032, 1, 15, 'Windows XP IIS'), (34033, 1, 15, 'Samba Server'), (34034, 1, 15, 'Exchange SMTP'), (34035, 1, 15, 'Windows Plug and Play'), (34036, 1, 15, 'OpenLDAP'), (34037, 1, 15, 'CUPS - CVE-2010-2941'), (34038, 1, 15, 'IIS FTP - CVE-2010-3972'), (34039, 1, 15, 'LOIC Attack'), (34040, 1, 15, 'SIP'), (34041, 1, 15, 'Apache CVE-2011-0419'), (34042, 1, 15, 'Apache - CVE-2011-0419'), (34043, 1, 15, 'ISC Bind - CVE-2011-1910'), (34044, 1, 15, 'Apache - CVE-2011-0419'), (34045, 1, 15, 'Web Service - CVE-2011-3414'), (34046, 1, 15, 'Microsoft RDP service'), (40001, 5, 1, 'Seekmo'), (40002, 5, 49, 'Generic FakeAV'), (40003, 2, 36, 'Alexa Search Toolbar'), (40004, 5, 36, 'Baidu'), (40005, 2, 36, 'Fun Web Products'), (40006, 5, 36, 'Hotbar'), (40007, 5, 36, 'MyWebSearch'), (40008, 5, 36, 'Visicom'), (40009, 5, 36, 'Simbar'), (40011, 2, 36, 'AskSearch toolbar'), (40012, 5, 36, 'Miva'), (40013, 5, 36, 'iebar'), (40014, 2, 36, 'Dialno dialer'), (40015, 2, 36, 'Zango Toolbar'), (40016, 5, 41, 'MyAgent'), (40017, 5, 36, 'Megaupload'), (40018, 2, 36, 'Travel Update'), (40019, 5, 36, 'TrinityAcquisitions'), (40020, 5, 36, 'Searchfeed'), (40021, 5, 36, 'CoolWebSearch'), (40023, 5, 36, 'Tibsystems'), (40024, 5, 36, 'KRSystem'), (40025, 5, 41, 'RookIE'), (40026, 5, 36, 'MarketScore'), (40027, 5, 36, 'AOL Toolbar'), (40028, 5, 36, 'Wild Tanget'), (40029, 5, 36, '51yes'), (40031, 5, 49, 'Personal Defender 2009'), (40032, 5, 41, 'Overtoolbar'), (40033, 5, 41, 'Sality'), (40034, 5, 48, 'Brontok'), (40037, 5, 36, 'Findwhat'), (40038, 5, 41, 'Monkif'), (40039, 5, 41, 'Unknown trojan'), (40040, 5, 49, 'Windows Protection Suite'), (40041, 5, 36, 'Shopathomeselect'), (40042, 5, 36, 'MsgPlus'), (40043, 5, 36, 'ISearchTech'), (40044, 5, 36, 'Casalemedia'), (40046, 5, 1, 'OneStep'), (40048, 5, 36, 'VaccineKillerIU'), (40049, 5, 41, 'STEROID'), (40051, 5, 41, 'Bancos'), (40053, 5, 48, 'Palevo'), (40054, 5, 41, 'MyIE'), (40055, 5, 41, 'LDPinch'), (40058, 5, 49, 'SafeFighter'), (40059, 5, 36, 'Nanspy'), (40060, 5, 41, 'Koblu'), (40061, 5, 41, 'Zeus'), (40063, 5, 41, 'FraudLoad'), (40065, 5, 49, 'Antivirus Pro'), (40067, 5, 4, 'Koobface'), (40068, 5, 41, 'Gamania'), (40071, 5, 41, 'Emo'), (40073, 5, 36, 'Adrotator'), (40074, 5, 41, 'Swizzor'), (40075, 5, 41, 'Banker'), (40078, 5, 41, 'IRC Bot'), (40079, 5, 1, 'ISTBar'), (40080, 5, 4, 'Kneber'), (40081, 5, 4, 'Kneber'), (40082, 5, 41, 'Philis'), (40084, 5, 36, 'ADSPY'), (40085, 5, 4, 'Palevo'), (40086, 5, 41, 'Oficla'), (40087, 5, 41, 'Spam bot trojan'), (40088, 5, 1, 'Trymedia'), (40089, 5, 49, 'FakeAlert'), (40090, 5, 41, 'Sc-Keylog Keylogger'), (40091, 5, 50, 'Poison Ivy'), (40092, 5, 36, 'Platinumreward'), (40093, 5, 1, 'BarACE'), (40094, 5, 41, 'Bobax'), (40095, 5, 41, 'Bredavi'), (40097, 5, 41, 'Buzus'), (40099, 5, 50, 'Bandook'), (40100, 5, 49, 'WindowsEnterpriseSuite'), (40101, 5, 41, 'Torpig'), (40102, 5, 41, 'SpyEye'), (40103, 5, 41, 'Prg'), (40104, 5, 41, 'Nine Ball'), (40105, 5, 41, 'Bredolab'), (40106, 5, 41, 'Turkojan'), (40107, 5, 41, 'Stupid Stealer'), (40108, 5, 41, 'DDoS trojan Yoyo'), (40110, 5, 41, 'FakeScanner'), (40112, 5, 41, 'Mancsyn'), (40114, 5, 41, 'Regrun'), (40115, 5, 50, 'ProRat'), (40118, 5, 38, 'Suspicious binary downloaded with Autoit Windows automation tool'), (40119, 5, 41, 'DDoS trojan BlackEnergy'), (40122, 5, 41, 'Pushdo'), (40124, 5, 41, 'Winsoft'), (40126, 5, 41, 'Dcbavict'), (40127, 5, 41, 'Renos'), (40128, 5, 41, 'Carberp'), (40129, 5, 41, 'DDoS trojan G-Bot'), (40130, 5, 41, 'Gozi'), (40131, 5, 41, 'Ponmocup'), (40132, 5, 41, 'Vinself'), (40133, 5, 41, 'Qakbot'), (40135, 5, 41, 'Osmakudan'), (40136, 5, 41, 'Downbot'), (40137, 5, 41, 'Lataa'), (40138, 5, 41, 'IRC bot trojan TKcik'), (40139, 5, 48, 'Rimecud'), (40140, 5, 49, 'Vodfus'), (40141, 5, 41, 'TDSS'), (40142, 5, 41, 'Parite'), (40144, 5, 41, 'Spam bot trojan Cutwail'), (40145, 5, 41, 'FakeVimes'), (40146, 5, 41, 'Hupigon'), (40147, 5, 41, 'Zlob'), (40148, 5, 41, 'MacDefender'), (40149, 5, 41, 'KKTone'), (40150, 5, 41, 'VBInject'), (40152, 5, 41, 'Arsinfoder'), (40153, 5, 41, 'Potao'), (40154, 5, 41, 'Banload'), (40155, 5, 41, 'Zboter'), (40156, 5, 41, 'YahLover'), (40157, 5, 41, 'DonBot'), (40159, 5, 41, 'Xlahlah'), (40160, 5, 41, 'Hinds'), (40161, 5, 49, 'FakeAV'), (40162, 5, 41, 'Meredrop'), (40163, 5, 41, 'VBKrypt'), (40165, 5, 41, 'Ranky'), (40166, 5, 41, 'Papras'), (40167, 5, 49, 'FakeAV'), (40168, 5, 41, 'Linezing'), (40169, 5, 51, 'Generic malware'), (40170, 5, 41, 'Generic trojan dropper'), (40171, 5, 41, 'Rorpian'), (40172, 5, 41, 'Murofet'), (40173, 5, 41, 'Artro'), (40174, 5, 41, 'Sidetab'), (40175, 5, 41, 'Fosniw'), (40176, 5, 41, 'Genome'), (40177, 5, 41, 'Rodecap'), (40179, 5, 19, 'Sniffer'), (40180, 5, 41, 'Vilsel'), (40181, 5, 41, 'Clemag'), (40182, 5, 41, 'IRC Bot trojan IRCBrute'), (40183, 5, 41, 'DDoS trojan Kryptik'), (40184, 5, 41, 'KDV'), (40185, 5, 41, 'Pher'), (40186, 5, 41, 'CodeDoctor'), (40187, 5, 41, 'StartPage'), (40188, 5, 41, 'Ftpharvxqq'), (40191, 5, 41, 'ClickAdsByIE'), (40192, 5, 41, 'PcClient'), (40193, 5, 50, 'DarkComet'), (40194, 5, 36, 'Lop Runtime'), (40195, 5, 36, 'Hijacker microgaming'), (40196, 5, 36, 'Relevantknowledge'), (40197, 5, 1, 'Agent'), (40198, 5, 36, 'Trickler'), (40199, 5, 41, 'Quivoe'), (40201, 5, 41, 'DDoS trojan Darkshell'), (40202, 5, 36, 'Ezula'), (40204, 5, 41, 'Zegost'), (40205, 5, 41, 'Rebhip'), (40206, 5, 36, 'OpenCandy'), (40207, 5, 41, 'Bifrose'), (40208, 5, 41, 'Sogo'), (40209, 5, 41, 'Wisscmd'), (40210, 5, 41, 'Dusta'), (40212, 5, 41, 'Sirefef'), (40213, 5, 41, 'ToolHdnf'), (40214, 5, 41, 'Vundo'), (40215, 5, 41, 'Menti'), (40217, 5, 41, 'Sefnit'), (40218, 5, 41, 'Olmarik'), (40219, 5, 41, 'Poshtroper'), (40220, 5, 41, 'Irc bot Ruskill'), (40224, 5, 41, 'StripDance'), (40225, 5, 41, 'Pincav'), (40226, 5, 41, 'DumpTruck'), (40227, 5, 41, 'Quejob'), (40228, 5, 41, 'DelfInject'), (40229, 5, 41, 'UBar'), (40230, 5, 41, 'Fivfrom'), (40231, 5, 41, 'FresctSpy'), (40232, 5, 41, 'Briewots'), (40233, 5, 41, 'Inject family'), (40234, 5, 41, 'DDoS trojan Aldibot'), (40235, 5, 41, 'Gabeerf'), (40236, 5, 41, 'Plingky'), (40237, 5, 41, 'CrazyPrier'), (40238, 5, 41, 'Dynamer'), (40239, 5, 41, 'Banbra'), (40240, 5, 41, 'OddJob'), (40242, 5, 48, 'Duqu'), (40244, 5, 41, 'Cnzz'), (40245, 5, 41, 'Sasfis'), (40246, 5, 41, 'Virut'), (40247, 5, 49, 'Zentom'), (40248, 5, 41, 'AAX'), (40249, 5, 41, 'Eorezo'), (40250, 5, 41, 'Bagle'), (40251, 5, 41, 'Danginex'), (40252, 5, 41, 'AutoIt'), (40254, 5, 41, 'Npkon'), (40255, 5, 49, 'SyspectCRC'), (40256, 5, 41, 'LeNa'), (40257, 5, 41, 'Jorik'), (40258, 5, 41, 'Dooptroop'), (40259, 5, 41, 'Bofang'), (40260, 5, 41, 'Trafog'), (40261, 5, 41, 'Tatanga'), (40262, 5, 41, 'ZeroAccess'), (40263, 5, 41, 'Dogrobot'), (40264, 5, 41, 'Tibia'), (40265, 5, 41, 'Malat'), (40266, 5, 41, 'Sefbov'), (40267, 5, 41, 'Bafruz'), (40268, 5, 41, 'Luckycat'), (40269, 5, 41, 'Salamdom'), (40270, 5, 41, 'XGW@aSlsEHbG'), (40271, 5, 41, 'Phidagem'), (40272, 5, 41, 'Malex'), (40274, 5, 36, 'Zugo'), (40275, 5, 41, 'Spy-Net'), (40277, 5, 36, 'UCMore'), (40279, 5, 41, 'Begman'), (40281, 5, 36, 'Gooochi'), (40282, 5, 41, 'Banload Gadu-Gadu'), (40283, 5, 36, '180solutions'), (40284, 5, 41, 'Vertexbot'), (40285, 5, 41, 'Staget'), (40286, 5, 41, 'CazinoSilver'), (40287, 5, 41, 'Gnutler'), (40288, 5, 41, 'Dofoil'), (40289, 5, 22, 'HongTouTou'), (40290, 5, 22, 'PJApps'), (40291, 5, 22, 'DroidDream'), (40292, 5, 22, 'Fake10086'), (40293, 5, 22, 'SuperFairy'), (40294, 5, 22, 'Yxes'), (40295, 5, 22, 'LeNa'), (40296, 5, 22, 'MobileSpy'), (40297, 5, 22, 'Sagasi'), (40298, 5, 22, 'iKee'), (40299, 5, 22, 'DroidKungFu'), (40300, 5, 22, 'FlexiSpy'), (40301, 5, 22, 'Merogo'), (40302, 5, 22, 'SSLCrypt'), (40303, 5, 22, 'SMSpacem'), (40304, 5, 22, 'Tonclank'), (40305, 5, 22, 'YzhcSMS'), (40306, 5, 22, 'CruseWin'), (40307, 5, 22, 'Walkinwat'), (40308, 5, 22, 'BgServ'), (40310, 5, 22, 'GoldDream'), (40311, 5, 22, 'CommDN'), (40312, 5, 22, 'Zitmo'), (40313, 5, 22, 'SymGam'), (40314, 5, 22, 'HippoSMS'), (40315, 5, 22, 'AdSMS'), (40316, 5, 22, 'Netisend'), (40317, 5, 41, 'Glupteba'), (40318, 5, 41, 'Sodager'), (40319, 5, 41, 'Pluzoks'), (40320, 5, 36, 'YourSiteBar'), (40321, 5, 41, 'ArchSMS'), (40322, 5, 41, 'Murlo'), (40323, 5, 41, 'Knigsfot'), (40324, 5, 1, 'Qvod'), (40325, 5, 41, 'Scar'), (40326, 5, 41, 'PEx'), (40327, 5, 41, 'Vmara'), (40328, 5, 41, 'Xyligan'), (40329, 5, 41, 'DDoS trojan Avzhan'), (40330, 5, 50, 'PCRat'), (40331, 5, 41, 'Spam bot trojan DMSpammer'), (40332, 5, 41, 'Chnsystems'), (40333, 5, 36, 'google-analitid181'), (40334, 5, 41, 'AdVantage'), (40335, 5, 36, 'Searchspy.co.kr'), (40337, 5, 36, 'rightonadz.biz'), (40338, 5, 41, 'DDoS trojan Dirt Jumper'), (40339, 5, 1, 'Adware dropper'), (40340, 5, 41, 'Konad'), (40341, 5, 41, 'Tibs'), (40342, 5, 41, 'Koutodoor'), (40343, 5, 22, 'SndApp'), (40344, 5, 22, 'Ozotshielder'), (40346, 5, 41, 'KSpyPro'), (40347, 5, 41, 'JOQH'), (40348, 5, 41, 'MultiBar'), (40349, 5, 1, 'Kraddare'), (40351, 5, 41, 'Dooxud'), (40352, 5, 41, 'Goldun'), (40353, 5, 41, 'Dluca'), (40354, 5, 41, 'Bividon'), (40355, 5, 49, 'CryptMEN'), (40356, 5, 41, 'SHeur4'), (40357, 5, 41, 'DDoS trojan Smoke Loader'), (40358, 5, 41, 'Sykipot'), (40359, 5, 41, 'Hilgild'), (40360, 5, 41, 'PowerPointer'), (40362, 5, 1, 'GameVance'), (40363, 5, 41, 'NGX@aelsfkk'), (40364, 5, 41, 'FtpSteal'), (40365, 5, 41, 'Heloag'), (40366, 5, 41, 'Qhost'), (40367, 5, 41, 'DLOADE.AGO'), (40368, 5, 41, 'SysDef'), (40369, 5, 41, 'Zerok'), (40370, 5, 41, 'Nuwar'), (40372, 5, 41, 'Wizpop'), (40373, 5, 41, 'Jukbot'), (40374, 5, 41, 'NgrBot'), (40375, 5, 48, 'Ramnit'), (40377, 5, 41, 'OnLineGames'), (40378, 5, 41, 'Refroso'), (40379, 5, 41, 'Anedl'), (40380, 5, 41, 'UFRStealer'), (40381, 5, 41, 'Comroki'), (40382, 5, 1, 'InstallCore'), (40383, 5, 41, 'Rewdulon'), (40384, 5, 41, 'Invader'), (40385, 5, 41, 'Lici'), (40386, 5, 41, 'Nuclear'), (40387, 5, 41, 'Klovbot'), (40388, 5, 41, 'Likseput'), (40389, 5, 41, 'Pasta'), (40390, 5, 41, 'Jiwerks'), (40391, 5, 41, 'Prioxer'), (40392, 5, 41, 'Ruftar'), (40393, 5, 41, 'Karagany'), (40394, 5, 41, 'Zusy'), (40395, 5, 41, 'Cleaman'), (40396, 5, 41, 'AdoChi'), (40397, 5, 41, 'Wombot'), (40398, 5, 41, 'ConnectionServices'), (40399, 5, 41, 'SouGouDownloader'), (40400, 5, 41, 'Gabpath'), (40401, 5, 41, 'Crix'), (40402, 5, 41, 'DelpBanc'), (40403, 5, 41, 'Qinubot'), (40404, 5, 41, 'OpenTrio'), (40405, 5, 41, '118GotYourNo'), (40406, 5, 1, 'MediaGet'), (40407, 5, 41, 'MSUpdater'), (40408, 5, 22, 'Plankton'), (40409, 5, 41, 'JRD'), (40410, 5, 41, 'Onlinegame'), (40411, 5, 41, 'Emogen'), (40412, 5, 41, 'Umrena'), (40414, 5, 41, 'Votead'), (40415, 5, 41, 'DownloadAdmin'), (40416, 5, 1, 'Downware'), (40417, 5, 48, 'Mydoom'), (40418, 5, 1, 'Modernplus'), (40419, 5, 41, 'Kanav'), (40420, 5, 41, 'QQShou'), (40421, 5, 22, 'FakeTimer'), (40422, 5, 41, 'Mentory'), (40423, 5, 41, 'Simda'), (40424, 5, 41, 'Kazy'), (40425, 5, 41, 'Swisyn'), (40426, 5, 41, 'Esfury'), (40427, 5, 41, 'LolBot'), (40428, 5, 41, 'Towshin'), (40429, 5, 41, 'Zwangi'), (40430, 5, 1, 'KorAdware'), (40431, 5, 41, 'Qhost'), (40433, 5, 48, 'Virut'), (40434, 5, 48, 'Worm propagation exploiting MS06-040 vulnerability'), (40437, 5, 48, 'Worm replication via SMTP'), (40438, 5, 51, 'Generic malware infection'), (40439, 5, 37, 'Suspicious SMTP behaviour'), (40440, 5, 48, 'Netsky'), (40443, 5, 48, 'Kraken'), (40444, 5, 48, 'PcClient'), (40445, 5, 48, 'CoreFlooder'), (40446, 5, 48, 'Conficker'), (40447, 5, 48, 'Worm Slammer propagation attempt from different origins'), (40448, 1, 48, 'Morto'), (40449, 5, 51, 'Many systems infected with the same malware'), (40450, 5, 48, 'Saturn proxy'), (40451, 5, 48, 'Conficker'), (40453, 5, 48, 'Piptea'), (40454, 5, 48, 'Slammer'), (40456, 5, 48, 'Armitage'), (40457, 5, 38, 'Suspicious executable file transmission via SMB'), (40458, 5, 41, 'Knockbot'), (40459, 5, 41, 'NfLog'), (40460, 5, 41, 'Murcy'), (40461, 5, 41, 'Dapato'), (40462, 5, 41, 'Pwdspyhk'), (40463, 5, 41, 'Graybird'), (40464, 5, 1, 'Ivelog'), (40465, 5, 1, 'iBryte'), (40466, 5, 49, 'Soft-Cop'), (40467, 5, 41, 'Riskware'), (40468, 5, 48, 'Taterf'), (40469, 5, 6, 'QDIGIT cc protocol'), (40470, 5, 6, 'UPDATE cc protocol'), (40471, 5, 6, 'LURK cc protocol'), (40472, 5, 6, 'IP2B cc protocol'), (40473, 5, 6, 'BB cc protocol'), (40474, 5, 6, 'X-Shell 601'), (40475, 5, 41, 'Babmote'), (40476, 5, 41, 'FlyStudio'), (40477, 5, 41, 'RShot'), (40478, 5, 41, 'Kolab'), (40479, 5, 41, 'Cridex'), (40480, 5, 41, 'Chifrax'), (40481, 5, 1, 'WindowsLiveProtect'), (40482, 5, 41, 'Prast'), (40483, 5, 41, 'Kbot'), (40484, 5, 1, 'SMSHoax'), (40485, 5, 1, 'Trymedia'), (40486, 5, 41, 'Banprox'), (40487, 5, 41, 'GameHack'), (40488, 5, 1, 'WindowLivePot'), (40490, 5, 41, 'Rovnix'), (40491, 5, 41, 'Trustezeb'), (40492, 5, 41, 'Loakid'), (40493, 5, 41, 'Winwebsec'), (40494, 5, 41, 'Bucriv'), (40495, 5, 41, 'Heckyebo'), (40496, 5, 41, 'Dragon_i'), (40497, 5, 41, 'Kelihos'), (40498, 5, 41, 'Spam bot trojan Lethic'), (40499, 5, 41, 'BlackMonay'), (40500, 5, 41, 'SelfStarterInternet'), (40501, 5, 41, 'LockScreen'), (40502, 5, 41, 'RegSubsDat'), (40503, 5, 41, 'Flashback'), (40504, 5, 41, 'Meciv'), (40505, 5, 41, 'SCKeyLog'), (40506, 5, 41, 'ProxyChanger'), (40507, 5, 41, 'Riern'), (40508, 5, 41, 'Protux'), (40509, 5, 41, 'DDoS trojan Khan'), (40510, 5, 49, 'Bestvirus-protection'), (40511, 5, 41, 'Yayih'), (40512, 5, 41, 'Snad'), (40513, 5, 41, 'Coced'), (40514, 5, 41, 'Peed'), (40515, 5, 41, 'PornDialer'), (40516, 5, 41, 'Banz'), (40517, 5, 41, 'Bimtubson'), (40518, 5, 41, 'Unruy'), (40519, 5, 41, 'Blocker'), (40520, 5, 41, 'GamesForum'), (40521, 5, 41, 'Busky'), (40522, 5, 41, 'Hacyayu'), (40524, 5, 41, 'Comisproc'), (40525, 5, 36, 'Generic spyware'), (40526, 5, 41, 'AgentBypass'), (40527, 5, 41, 'Pilrurl'), (40528, 5, 41, 'WebMoner'), (40529, 5, 1, 'BHO'), (40530, 5, 41, 'Taidoor'), (40532, 5, 41, 'Psyokym'), (40533, 5, 41, 'JMZ'), (40534, 5, 41, 'Datamaikon'), (40535, 5, 41, 'Zaletelly'), (40536, 5, 49, 'Onescan'), (40537, 5, 48, 'Ructo'), (40538, 5, 41, 'Shodi'), (40539, 5, 41, 'Wadolin'), (40540, 5, 41, 'DDoS trojan Pandora'), (40541, 5, 1, 'Kikin'), (40542, 5, 41, 'QQpass'), (40543, 5, 1, 'GreenIO'), (40544, 5, 41, 'Zapchast'), (40545, 5, 41, 'SmartSecure'), (40546, 5, 41, 'Funpop'), (40547, 5, 41, 'MailRuSputnik'), (40548, 5, 41, 'CWS'), (40549, 5, 41, 'Momibot'), (40550, 5, 41, 'Banz'), (40551, 5, 41, 'Banz'), (40552, 5, 41, 'Votwup'), (40553, 5, 41, 'AAIZ'), (40554, 5, 41, 'Matsnu'), (40556, 5, 41, 'TIBIA'), (40557, 5, 41, 'Alureon'), (40558, 5, 41, 'Hutizu'), (40559, 5, 1, 'LoudMo'), (40560, 5, 1, 'PaPaPaEdge'), (40561, 5, 41, 'Geral'), (40562, 5, 41, 'Masteseq'), (40563, 5, 41, 'Pony'), (40564, 5, 41, 'SabPub'), (40565, 5, 49, 'UltimateDefender'), (40566, 5, 41, 'Coswid'), (40567, 5, 41, 'Jadtre'), (40568, 5, 41, 'Pdfjsc'), (40569, 5, 41, 'FakeFlexnet'), (40570, 5, 41, 'Sisproc'), (40571, 5, 41, 'Nitol'), (40572, 5, 41, 'Yakes'), (40573, 5, 41, 'Downvision'), (40574, 5, 41, 'Soft32Downloader'), (40575, 5, 52, 'Reveton'), (40576, 5, 41, 'Caphaw'), (40577, 5, 41, 'Tupym'), (40578, 5, 41, 'AutoRun'), (40579, 5, 41, 'Ardamax'), (40580, 5, 41, 'Usteal'), (40581, 5, 52, 'Pameseg'), (40582, 5, 41, 'Sogu'), (40583, 5, 41, 'Sogu'), (40584, 5, 41, 'Locotout'), (40586, 5, 41, 'Installmate'), (40587, 5, 48, 'Ramnit'), (40588, 5, 41, 'Sisron'), (40589, 5, 41, 'Lukicsel'), (40590, 5, 41, 'Sheldor'), (40591, 5, 41, 'RDPdoor'), (40592, 5, 41, 'Nolja'), (40593, 5, 41, 'Ticno'), (40594, 5, 41, 'Ixeshe'), (40595, 5, 48, 'Bobic'), (40596, 5, 49, 'PrivacyProtection'), (40597, 5, 41, 'Darkmegi'), (40598, 5, 41, 'Savit'), (40599, 5, 49, 'FakePAV'), (40600, 5, 49, 'Security Shield'), (40601, 5, 41, 'FireEye'), (40602, 5, 41, 'Opachki'), (40603, 5, 49, 'SmartFortress'), (40604, 5, 41, 'Ponfoy'), (40605, 5, 41, 'DDoS trojan E-Jihad'), (40606, 5, 36, 'klm123'), (40607, 5, 41, 'Hitpop'), (40608, 5, 41, 'Kyelogger Pro'), (40609, 5, 41, 'Lame'), (40610, 5, 41, 'DDoS trojan Darkness'), (40611, 5, 52, 'Winlock'), (40612, 5, 41, 'Vbinder'), (40613, 5, 50, 'Rbot'), (40614, 5, 41, 'IRC Bot Dorkbot'), (40615, 5, 41, 'Bitcoin Miner'), (40616, 5, 36, 'Trymedia'), (40617, 5, 36, 'Webhancer'), (40618, 5, 41, 'Darkhole'), (40619, 5, 41, 'Managee'), (40620, 5, 41, 'IRC Bot'), (40621, 5, 48, 'Koceg'), (40622, 5, 41, 'Ursap'), (40623, 5, 41, 'Spam bot trojan Forcud'), (40624, 5, 41, 'Spam bot trojan Tedroo'), (40625, 5, 41, 'Perfect Keylogger'), (40626, 5, 41, 'Maximus'), (40627, 5, 36, 'BTGrab'), (40628, 5, 36, 'LocalNRD'), (40629, 5, 41, 'AdultChat'), (40630, 5, 41, 'SpyBanker'), (40631, 5, 41, 'Jokbot'), (40632, 5, 41, 'Juched'), (40633, 5, 41, 'Dervec'), (40634, 5, 22, 'Tigerbot'), (40635, 5, 22, 'SmsSy'), (40636, 5, 41, 'Autocrat'), (40637, 5, 41, 'Perkesh'), (40638, 5, 41, 'Delfloader'), (40639, 5, 36, 'VBCrypt'), (40640, 5, 41, 'Poison'), (40641, 5, 41, 'Luder'), (40642, 5, 41, 'Phires'), (40643, 5, 41, 'Scudy'), (40644, 5, 41, 'Bankwabfoto'), (40645, 5, 41, 'Spidern'), (40646, 5, 41, 'Simbot'), (40647, 5, 41, 'Boatz'), (40648, 5, 41, 'Medfos'), (40649, 5, 41, 'Trojan with Autoit'), (40650, 5, 41, 'Horst'), (40651, 5, 41, 'Rlsloup'), (40652, 5, 50, 'Gh0st'), (40653, 5, 41, 'Comrerop'), (40654, 5, 41, 'Colowned'), (40655, 5, 1, 'Cnaddare'), (40656, 5, 41, 'DDoS trojan Snap'), (40657, 5, 41, 'Bootkor'), (40658, 5, 41, 'Tapaoux'), (40659, 5, 41, 'Autoruner'), (40660, 5, 41, 'Mepaow'), (40661, 5, 1, '1ClickDownload'), (40662, 5, 48, 'Ainslot'), (40663, 5, 41, 'Begger'), (40664, 5, 41, 'Buterat'), (40665, 5, 41, 'Nagyo'), (40666, 5, 41, 'Proxyier'), (40667, 5, 49, 'XPAntivirus'), (40668, 5, 41, 'ZAccess'), (40669, 5, 41, 'Popureb'), (40670, 5, 41, 'Sinowal'), (40671, 5, 41, 'Bebloh'), (40672, 5, 41, 'MultiPasswordRecovery'), (40673, 5, 51, 'Generic malware reporting by e-mail'), (40674, 5, 41, 'Thetatic'), (40675, 5, 41, 'Ofreayo'), (40676, 5, 41, 'Fadedoor'), (40677, 5, 41, 'Herpnet'), (40678, 5, 41, 'Mnless'), (40679, 5, 41, 'ZombGet'), (40680, 5, 48, 'Jbot'), (40681, 5, 41, 'Viking'), (40682, 5, 41, 'Farfli'), (40683, 5, 41, 'ZboCheMan'), (40684, 5, 41, 'Inse'), (40685, 5, 41, 'Herpbot'), (40686, 5, 1, 'Casino'), (40687, 5, 36, 'Adrevmedia'), (40688, 5, 41, 'Diple'), (40689, 5, 50, 'Mosucker'), (40690, 5, 41, 'SKyWIper'), (40691, 5, 41, 'Bina'), (40692, 5, 41, 'ServStart'), (40693, 5, 41, 'FirewallBypass'), (40694, 5, 52, 'Rannoh'), (40695, 5, 41, 'VKTools'), (40696, 5, 41, 'Flamer'), (40697, 5, 49, 'FakeAvCn'), (40698, 5, 36, 'ConnSteal'), (40699, 5, 41, 'Nosrawec'), (40700, 5, 41, 'Aimvision'), (40701, 5, 41, 'Weelsof'), (40702, 5, 51, 'infection'), (40703, 5, 37, 'Trojan connecting to a low reputation CnC server'), (40704, 5, 41, 'Bakcorox'), (40705, 5, 41, 'Dinwod'), (40706, 5, 41, 'Obvod'), (40707, 5, 41, 'Cycldek'), (40708, 5, 50, 'Blackshades'), (40709, 5, 41, 'SMSFraud'), (40710, 5, 52, 'ZedoPoo'), (40711, 5, 41, 'Mecklow'), (40712, 5, 41, 'Bicolo'), (40713, 5, 48, 'MoonLight'), (40714, 5, 41, 'Capfire4'), (40715, 5, 41, 'Gimemo'), (40716, 5, 41, 'Chir'), (40717, 5, 41, 'Apher'), (40718, 5, 41, 'Armageddon'), (40719, 5, 41, 'Nutiliers'), (40720, 5, 41, 'JOER'), (40721, 5, 41, 'Malagent'), (40722, 5, 41, 'CodecPack'), (40723, 5, 41, 'Hiloti'), (40724, 5, 41, 'Icoo'), (40725, 5, 41, 'Numnet'), (40726, 5, 41, 'SpyVoltar'), (40727, 5, 41, 'Printlove'), (40728, 5, 41, 'NoBo'), (40729, 5, 41, 'BundleInstaller'), (40730, 5, 41, '0d0a0d0aDEADBEEF'), (40731, 5, 41, 'Ramagedos'), (40732, 5, 41, 'Ukstories'), (40733, 5, 41, 'Gbod'), (40734, 5, 41, 'Pefsire'), (40735, 5, 41, 'Stegvob'), (40736, 5, 36, 'Clickspring'), (40737, 5, 48, 'Verst'), (40738, 5, 41, 'Sacanph'), (40739, 5, 41, 'Harakit'), (40740, 5, 41, 'TCYWin'), (40741, 5, 41, 'SWInformer'), (40742, 5, 41, 'BlackControl'), (40743, 5, 41, 'Troxen'), (40744, 5, 41, 'Badlib'), (40745, 5, 41, 'Shiz'), (40746, 5, 41, 'Feral'), (40747, 5, 41, 'Pakes'), (40748, 5, 41, 'Otwycal'), (40749, 5, 41, 'Cloaker'), (40750, 5, 41, 'Zonebac'), (40751, 5, 41, 'Virtumonde'), (40752, 5, 41, 'Mutopy'), (40753, 5, 41, 'Killav'), (40754, 5, 41, 'Buzy'), (40755, 5, 41, 'Emold'), (40756, 5, 41, 'Sulunch'), (40757, 5, 41, 'Microjoin'), (40758, 5, 41, 'Dabvegi'), (40759, 5, 41, 'DataStealer'), (40760, 5, 41, 'Vaklik'), (40761, 5, 41, 'DDoS trojan JKDDOS'), (40762, 5, 41, 'Esion'), (40763, 5, 41, 'Alworo'), (40764, 5, 41, 'Netkill'), (40765, 5, 41, 'Gagolino'), (40766, 5, 41, 'Enfal'), (40767, 5, 41, 'Coofus'), (40768, 5, 41, 'Lodelit'), (40769, 5, 41, 'Amtian'), (40770, 5, 48, 'Phorpiex'), (40771, 5, 41, 'Parkchichers'), (40772, 5, 41, 'Pirminay'), (40773, 5, 41, 'Kolbot'), (40774, 5, 41, 'Kifloo'), (40775, 5, 41, 'Drstwex'), (40776, 5, 41, 'Chebri'), (40777, 5, 41, 'PolyCrypt'), (40778, 5, 41, 'Haed dropper'), (40779, 5, 41, 'Mafod'), (40780, 5, 41, 'Malushka'), (40781, 5, 41, 'SSonce'), (40783, 5, 41, 'Hamweq'), (40784, 5, 1, 'MWGuide'), (40785, 5, 1, 'TimeSink'), (40786, 5, 41, 'Frethog'), (40787, 5, 48, 'Sohanad'), (40788, 5, 1, 'Somoto'), (40789, 5, 36, 'Keydoor'), (40790, 5, 41, 'Clidak'), (40791, 5, 41, 'Biloky'), (40792, 5, 41, 'Madhi'), (40794, 5, 41, 'Harnig'), (40795, 5, 49, 'XPSecurityCenter'), (40796, 5, 48, 'Pift'), (40797, 5, 41, 'DDos trojan Zemra'), (40798, 2, 38, 'Packed executable downloaded'), (40799, 5, 41, 'DaGame'), (40800, 5, 41, 'ProxyBox'), (40801, 5, 41, 'Nestha'), (40802, 5, 41, 'InstallMonetizer'), (40803, 5, 37, 'Suspicious user-agent detected'), (40804, 5, 41, 'Zombaque'), (40805, 5, 41, 'FinFisher'), (40806, 5, 41, 'Elirks'), (40807, 5, 41, 'Yoshi'), (40808, 5, 41, 'Optix Pro'), (40809, 5, 1, 'MediaFinder'), (40810, 5, 41, 'SniperSpy'), (40811, 5, 41, 'Ciadoor'), (40812, 5, 41, 'Dokstormac'), (40813, 5, 1, 'Hebogo'), (40814, 5, 41, 'Pelfpoi'), (40815, 5, 41, 'Micropop'), (40816, 5, 41, 'DDos trojan Lile'), (40817, 5, 41, 'Atadommoc'), (40818, 5, 1, 'Generic'), (40819, 5, 41, 'Crisis'), (40820, 5, 49, 'Generic FakeAV'), (40821, 5, 41, 'ProAgent'), (40822, 5, 52, 'Foreign'), (40823, 5, 41, 'Banpaes'), (40824, 5, 41, 'MP-FormGrabber'), (40825, 5, 41, 'Omerta'), (40826, 5, 41, 'Skodna'), (40827, 5, 41, 'Gauss'), (40828, 5, 41, 'Harvester'), (40829, 5, 41, 'Raven'), (40830, 5, 41, 'Penepe'), (40831, 5, 41, 'Boaxxe'), (40832, 5, 41, 'NetPass'), (40833, 5, 41, 'Rustock'), (40834, 5, 41, 'Cossta'), (40835, 5, 41, 'Dorifel'), (40836, 5, 41, 'DistTrack'), (40837, 5, 41, 'Briba'), (40838, 5, 41, 'Fragat'), (40839, 5, 41, 'Mdropper'), (40840, 5, 41, 'Graftor'), (40841, 5, 41, 'Daws'), (40842, 5, 41, 'Banbot'), (40843, 5, 41, 'PluginAccess'), (40844, 5, 41, 'Pangu'), (40845, 5, 41, 'FakePlus'), (40846, 5, 41, 'JokerDoor'), (40847, 5, 41, 'Obfuscator'), (40848, 5, 48, 'Socks'), (40849, 5, 41, 'Socks666'), (40850, 5, 41, 'hm0@fjz6PkS'), (40851, 5, 41, 'Lager'), (40852, 5, 49, 'Malicious host with Fake AV landing web page exploited'), (40853, 5, 49, 'Malicious host with Fake AV landing web page exploited'), (40854, 5, 41, 'Zmnada'), (40855, 5, 41, 'Rochap'), (40856, 5, 41, 'Barys'), (40857, 5, 41, 'Wirenet'), (40858, 5, 41, 'SchwarzeSonne'), (40859, 5, 41, 'DragonEye'), (40860, 5, 41, 'Baigoo'), (40861, 5, 41, 'dnsd'), (40862, 5, 41, 'Social-bos'), (40863, 5, 1, 'DirectDownloader'), (40864, 5, 1, 'SnapDo'), (40865, 5, 41, 'BZub'), (40866, 5, 41, 'Uptodown'), (40867, 5, 50, 'IEXPL0RE'), (40868, 5, 41, 'FakeSpypro'), (40869, 5, 41, 'SpyAgent'), (40870, 5, 41, 'Dadobra'), (40871, 5, 41, 'SRaT'), (40872, 5, 41, 'FakeRean'), (40873, 5, 41, 'Recslurp'), (40874, 5, 41, 'sn0@aGwpSUpi'), (40875, 5, 49, 'ErrorNuker'), (40876, 5, 48, 'Sohanad'), (40877, 5, 41, 'DownloadNetFile'), (40878, 5, 41, 'CDur'), (40879, 5, 41, 'Juasek'), (40880, 5, 41, 'ProxBot'), (40881, 5, 41, 'Duptwux'), (40882, 5, 41, 'Lolbot'), (40883, 5, 41, 'Obitel'), (40884, 5, 41, 'Kate'), (40885, 5, 41, 'Adload'), (40886, 5, 41, 'Tiny'), (40887, 5, 6, 'Query to Unknown CnC detected'), (40888, 5, 41, 'Mirange'), (40889, 5, 41, 'Punad'), (40890, 5, 41, 'Banti'), (40891, 5, 41, 'Java'), (40892, 5, 41, 'Tilon'), (40893, 5, 41, 'Kuluoz'), (40894, 5, 37, 'Suspicious user-agent with dropper behaviour detected'), (40895, 5, 1, 'FakeInstaller'), (40896, 5, 1, 'BlogChina'), (40897, 5, 41, 'Ysreef'), (40898, 5, 41, 'Uosproy'), (40899, 5, 41, 'IRC bot Rbot'), (40900, 5, 41, 'NaviPromo'), (40901, 5, 37, 'Suspicious user-agent connection to bad reputation site detected'), (40902, 5, 48, 'AutoTsifiri'), (40903, 5, 41, 'CBgate'), (40904, 5, 37, 'Suspicious user-agent detected'), (40905, 5, 41, 'Svich'), (40906, 5, 49, 'Anti-Hacking'), (40907, 5, 36, 'Softcash'), (40908, 5, 36, 'Spyrecon'), (40909, 5, 41, 'Wemosis'), (40910, 5, 52, 'Quervar'), (40911, 5, 41, 'MisleadApp'), (40912, 5, 41, 'Spylog'), (40913, 5, 41, 'Amiricil'), (40914, 5, 36, 'Better Internet'), (40915, 5, 41, 'Xtrat'), (40916, 5, 37, 'Open socks proxy in likely infected host'), (40917, 5, 49, 'GetBooks'), (40918, 5, 41, 'VpEye'), (40919, 5, 41, 'Daurso'), (40920, 5, 1, 'WinPump'), (40921, 5, 36, 'ZenoSearch'), (40922, 5, 1, 'SponsorKeyword'), (40923, 5, 37, 'Suspicious header pattern'), (40924, 5, 49, 'BestAntivirus2011'), (40925, 5, 36, 'Best-targeted-traffic'), (40926, 5, 36, 'Bestcount'), (40927, 5, 36, 'Look2me'), (40928, 5, 36, 'RubyFortune'), (40929, 5, 36, 'Freeze'), (40930, 5, 41, 'Sbtob'), (40931, 5, 48, 'Cospet'), (40932, 5, 41, 'Joiner'), (40933, 5, 41, 'PlaySushi'), (40934, 5, 1, 'WhenUClick'), (40935, 5, 1, 'Zenotecnico'), (40936, 5, 41, 'Bravix'), (40937, 5, 41, 'Gaboc'), (40938, 5, 41, 'Fullstuff'), (40939, 5, 41, 'Talsab'), (40940, 5, 41, 'Syswrt'), (40941, 5, 41, 'Enviserv'), (40942, 5, 41, 'Dreammon'), (40943, 5, 48, 'Skopvel'), (40944, 5, 41, 'Induc'), (40945, 5, 41, 'ZZSlash'), (40946, 5, 41, 'Darksnow'), (40947, 5, 41, 'Teazodo'), (40948, 5, 41, 'Gpcode'), (40949, 5, 41, 'CrossRider'), (40950, 5, 1, 'MediaDownloader'), (40951, 5, 41, 'Doschald'), (40952, 5, 41, 'x0Proto'), (40953, 5, 52, 'Birele'), (40954, 5, 41, 'KillFiles'), (40955, 5, 36, 'Searchmeup'), (40956, 5, 41, 'Wegimog'), (40957, 5, 41, 'Killproc'), (40958, 5, 49, 'Antivirus2008'), (40959, 5, 41, 'Trafcool'), (40960, 5, 49, 'DoctorPro'), (40961, 5, 36, 'Dollarrevenue'), (40962, 5, 36, 'Elitemediagroup'), (40963, 5, 36, 'Errclean'), (40964, 5, 41, 'F1Organizer'), (40965, 5, 1, 'GrandstreetInteractive'), (40966, 5, 41, 'Internet Optimizer'), (40967, 5, 36, 'Kwsearchguide'), (40968, 5, 36, 'Mirage'), (40969, 5, 49, 'PrivacyProtector'), (40970, 5, 36, 'Rabio'), (40971, 5, 41, 'Regnow'), (40972, 5, 41, 'NewWeb'), (40973, 5, 49, 'AntivirusPro'), (40974, 5, 49, 'Softspydelete'), (40975, 5, 36, 'Vombanetworks'), (40976, 5, 36, 'WinSoftware'), (40977, 5, 36, 'iWin'), (40978, 5, 1, 'Overtls'), (40979, 5, 36, 'Vaccine-program'), (40980, 5, 41, 'Fullspace'), (40981, 5, 41, 'KeyloggerOnline'), (40982, 5, 41, 'Nebuler'), (40983, 5, 36, 'PlayMP3z'), (40984, 5, 41, 'Secure-Soft'), (40985, 5, 1, 'SideTab'), (40986, 5, 41, 'Taidoor'), (40987, 5, 49, 'System progressive'), (40988, 5, 41, 'Xorpix'), (40989, 5, 41, 'SmartTools'), (40990, 5, 41, 'MiniFlame'), (40991, 5, 41, 'Mitglieder'), (40992, 5, 41, 'Chekafe'), (40993, 5, 41, 'Fujacks'), (40994, 5, 41, 'DDoS trojan Yoyo'), (40995, 5, 41, 'Magania'), (40996, 5, 41, 'Alky'), (40997, 5, 1, 'GameplayLabs'), (40998, 5, 49, '360safe'), (40999, 5, 41, 'GeckaSeka'), (41000, 5, 41, 'Gendal'), (41001, 5, 41, 'Citadel'), (41002, 5, 41, 'Chiviper'), (41003, 5, 41, 'iGrabber'), (41004, 5, 49, 'Virusremover2008'), (41005, 5, 41, 'Mycashloads'), (41006, 5, 1, 'Phono'), (41007, 5, 41, 'Ransom'), (41008, 1, 21, 'Suspicious HTTP referrer with connection to bad reputation site detected'), (41009, 5, 41, 'Perfloger'), (41010, 5, 41, 'Tufik'), (41011, 5, 41, 'Theals'), (41012, 5, 41, 'Fareit'), (41013, 5, 41, 'Lamer'), (41014, 5, 41, 'Banspy'), (41015, 5, 1, 'WiseLook'), (41016, 5, 41, 'Dunik'), (41017, 5, 41, 'FakeHack'), (41018, 5, 41, 'Small'), (41019, 5, 41, 'Xdoor'), (41020, 5, 41, 'DDoS Arcdoor'), (41021, 5, 50, 'Georbot'), (41022, 5, 52, 'Hanar'), (41023, 5, 51, 'Generic malware'), (41024, 5, 41, 'EggDrop'), (41025, 5, 1, 'Fenomen'), (41026, 5, 48, 'Zhelatin'), (41027, 5, 41, 'Xpaj'), (41028, 5, 41, 'Umbald'), (41029, 5, 48, 'Nusump'), (41030, 5, 41, 'DarKDdoser'), (41031, 5, 41, 'Blahavi'), (41032, 5, 41, 'Bezigate'), (41033, 5, 41, 'Phintok'), (41034, 5, 41, 'Alyak.C'), (41035, 5, 41, 'Barys'), (41036, 5, 1, 'Dialer'), (41037, 5, 37, 'Malware requesting external address from multiple sites detected'), (41038, 5, 6, 'Kuluoz.B'), (41039, 5, 1, 'WindowsLiveProtect'), (41040, 5, 41, 'Banload'), (41041, 5, 36, 'Cloudware'), (41042, 5, 6, 'Vobfus infection contacting CnC server'), (41043, 5, 36, 'Context Plus Spyware detected'), (41044, 5, 38, 'Malicious executable file pusk.exe downloaded from a malicious server'), (41045, 5, 6, 'Suspicious C&C connection'), (41046, 5, 6, 'Possible binary file received from CnC server'), (41047, 5, 41, 'Win32.Chebri.A'), (41048, 5, 51, 'Bitcoin Miner'), (41049, 5, 41, 'Trojan-Spy.Win32.Agent.adw'), (41050, 5, 3, 'Backdoor.Ceckno'), (41051, 5, 4, 'Ozdok botnet coomunications'), (41053, 5, 41, 'Sality executable'), (41054, 5, 37, 'Suspicious SSL cert from a low reputation server'), (41055, 5, 38, 'Suspicious executable downloaded from a low reputation server'), (41056, 5, 37, 'Suspicious HTTP requests'), (41057, 5, 41, 'SmokeLoader'), (41058, 5, 37, 'Possible system compromise'), (41059, 5, 41, 'Andromeda'), (41060, 5, 40, 'APT1 group malware'), (41061, 5, 40, 'APT1 group malware'), (45006, 3, 8, 'Adobe Reader - CVE-2009-0658'), (45007, 1, 38, 'Malicious host sending suspicious executable'), (45008, 3, 8, 'Adobe Reader - CVE-2008-2992'), (45009, 3, 8, 'CVE-2008-2463'), (45010, 3, 8, 'CVE-2007-0018'), (45011, 3, 8, 'CVE-2007-3147'), (45012, 3, 8, 'CVE-2009-1492'), (45013, 3, 8, 'CVE-2009-1493'), (45014, 3, 8, 'Adobe Reader - CVE-2009-1493'), (45015, 3, 8, 'Adobe Reader - CVE-2009-1492'), (45016, 3, 8, 'CVE-2009-0658'), (45017, 3, 8, 'Adobe Flash Player - CVE-2009-0520'), (45018, 3, 8, 'Adobe Flash Player - CVE-2009-0520'), (45019, 3, 8, 'RealNetworks RealPlayer - CVE-2007-5601'), (45020, 3, 32, 'WebDAV'), (45021, 3, 32, 'IIS - MS01-023'), (45022, 3, 8, 'MS06-057'), (45023, 3, 8, 'MS06-057'), (45024, 3, 32, 'Successful FTP service exploitation'), (45025, 3, 32, 'Successful FTP service exploitation'), (45026, 3, 8, 'ActiveX - MS06-014'), (45027, 3, 8, 'MS06-014'), (45028, 3, 8, 'Adobe Flash Player - CVE-2005-2628'), (45029, 3, 8, 'Adobe Flash Player - CVE-2005-2628'), (45030, 3, 8, 'Adobe Flash Player - CVE-2007-0071'), (45031, 3, 8, 'Adobe Flash Player - CVE-2007-0071'), (45033, 3, 32, 'PPTP - MS02-063'), (45038, 3, 8, 'VB6 Control - KB969898'), (45039, 3, 8, 'KB969898-VB6'), (45040, 3, 8, 'eBay ActiveX Control - KB969898'), (45041, 3, 8, 'KB969898-Ebay'), (45042, 3, 8, 'HP ActiveX Control - KB969898'), (45043, 3, 8, 'KB969898-HP'), (45044, 3, 8, 'Adobe Reader - CVE-2009-1859'), (45045, 3, 8, 'CVE-2009-1859'), (45053, 3, 47, 'SQLNinja Successful attack'), (45054, 1, 47, 'Hacking tool'), (45055, 1, 47, 'File and folder bruteforce'), (45056, 3, 32, 'IIS FTP Server - CVE-2009-3023'), (45057, 3, 32, 'FTP Service'), (45058, 3, 8, 'Microsoft DHTML - MS09-046'), (45062, 1, 13, 'SQL Server'), (45063, 1, 13, 'SQL Server -sp_adduser'), (45064, 1, 13, 'SQL Server - Registry Modification'), (45065, 1, 13, 'SQL Server - sp_configure'), (45066, 1, 15, 'Land Attack'), (45067, 1, 13, 'SQL Server -xp_servicecontrol)'), (45068, 1, 13, 'SQL Server -xp_fileexist'), (45069, 1, 13, 'SQL Server -xp_enumerrorlogs'), (45070, 1, 13, 'SQL Server - xp_readerrorlogs'), (45071, 1, 13, 'SQL Server - xp_enumdsn'), (45072, 1, 13, 'SQL Server - sp_start_job'), (45073, 1, 13, 'SQL Server - sp_password'), (45074, 1, 13, 'SQL Server - sp_delete_alert'), (45079, 3, 32, 'VNC Authentication bypass'), (45080, 3, 38, 'PDF downloading an executable'), (45081, 3, 8, 'Adobe Reader - CVE-2009-1492'), (45082, 3, 8, 'Adobe Reader - CVE-2009-1493'), (45086, 3, 21, 'Eleonore exploit kit'), (45090, 3, 8, 'FFmpeg - CVE-2009-0385'), (45091, 3, 8, 'Microsoft Excel - CVE-2007-1203'), (45092, 3, 8, 'Oracle Java - CVE-2008-1188'), (45093, 3, 8, 'Internet Explorer - CVE-2005-1988'), (45094, 3, 8, 'Adobe Reader - CVE-2007-3750'), (45095, 3, 8, 'Apple Quicktime - CVE-2007-0064'), (45097, 3, 8, 'Internet Explorer - CVE-2007-2224'), (45098, 3, 8, 'Apple Quicktime - CVE-2007-0015'), (45099, 3, 8, 'Skype - CVE-2007-5989'), (45100, 3, 8, 'Microsoft Visual Basic - CVE-2007-4776'), (45102, 3, 8, 'ACDSee - CVE-2007-6009'), (45103, 3, 8, 'Microsoft Windows Graphics Rendering Engine - CVE-2008-3014'), (45105, 3, 8, 'Internet Explorer - CVE-2010-3971'), (45106, 3, 8, 'Microsoft Graphics Rendering Engine - CVE-2010-3970'), (45107, 3, 8, 'Adobe Shockwave Director - CVE-2010-2866'), (45108, 3, 8, 'VLC Media Player - CVE-2008-5036'), (45109, 3, 32, 'Windows Media Player - CVE-2010-3225'), (45110, 3, 8, 'Internet Explorer - CVE-2010-3971'), (45111, 3, 8, 'Internet Explorer - CVE-2007-5344'), (45112, 3, 8, 'Adobe Reader - CVE-2010-2168'), (45113, 3, 8, 'ActiveX control - CVE-2010-4588'), (45115, 3, 8, 'Xpdf client - CVE-2009-3604'), (45117, 3, 8, 'RealNeworks RealPlayer - CVE-2010-3000'), (45119, 3, 8, 'Internet Explorer - CVE-2008-0076'), (45120, 3, 8, 'Internet Explorer - CVE-2008-0077'), (45122, 3, 8, 'Mozilla Firefox - CVE-2008-4064'), (45125, 3, 8, 'Firefox plugin - CVE-2010-1214'), (45126, 3, 8, 'Microsoft Office - CVE-2010-3141'), (45127, 3, 8, 'Apple QuickTime - CVE-2005-2340'), (45128, 3, 8, 'Microsoft Excel - CVE-2007-0215'), (45129, 3, 8, 'PDF Acrobat Reader - CVE-2010-1297'), (45130, 3, 8, 'Microsoft Visio - CVE-2010-1681'), (45131, 3, 8, 'RealNetworks Realplayer - CVE-2005-2922'), (45132, 3, 8, 'Apple Quicktime - CVE-2010-1799'), (45133, 3, 8, 'RealNetworks Realplayer - CVE-2007-5081'), (45134, 3, 8, 'Microsoft Windows DirectShow - CVE-2010-0250'), (45135, 3, 8, 'Internet Explorer - CVE-2005-1988'), (45136, 3, 8, 'RealNetworks RealPlayer - CVE-2007-5080'), (45139, 3, 8, 'Mozilla Firefox - CVE-2006-2779'), (45140, 3, 8, 'RealNetworks RealPlayer - CVE-2010-3747'), (45141, 3, 8, 'Apple Quicktime - CVE-2007-3750'), (45142, 3, 8, 'Microsoft OLE components - CVE-2007-2224'), (45143, 3, 8, 'Apple Quicktime - CVE-2010-0519'), (45144, 3, 8, 'Microsoft Visual Basic - CVE-2007-4776'), (45145, 3, 8, 'Apple Quicktime - CVE-2007-4672'), (45146, 3, 8, 'Apple Quicktime - CVE-2007-4676'), (45147, 3, 8, 'Apple Quicktime - CVE-2007-4675'), (45148, 3, 8, 'Adobe Reader - CVE-2009-3459'), (45149, 3, 8, 'Microsoft Directx - CVE-2007-3901'), (45150, 3, 8, 'Adobe Reader - CVE-2010-2883'), (45151, 3, 8, 'Microsoft Visio - CVE-2007-0934'), (45153, 3, 8, 'Foxit PDF reader - CVE-2009-0837'), (45154, 3, 8, 'Videolan VLC - CVE-2008-2430'), (45155, 3, 8, 'Adobe Reader - CVE-2010-2201'), (45156, 3, 8, 'Adobe Shockwave Director - CVE-2010-4084'), (45157, 3, 8, 'Microsoft Office - CVE-2010-3333'), (45158, 3, 8, 'Apple Safari - CVE-2010-1814'), (45159, 3, 8, 'Adobe Reader - CVE-2009-1856'), (45161, 3, 8, 'Adobe Reader - CVE-2008-2992'), (45162, 3, 8, 'Apple Quicktime- CVE-2008-0033'), (45163, 3, 32, 'Microsoft IIS FTP Service - CVE-2010-3972'), (45165, 3, 8, 'Microsoft Powerpoint - CVE-2011-1269'), (45166, 3, 32, 'HP Intelligent Management Center -CVE-2011-1851'), (45168, 5, 19, 'Web shell backdoor detected'), (45169, 3, 8, 'Oracle Java'), (45170, 3, 21, 'Successful Javascript exploit'), (45171, 3, 32, 'HP Intelligent Management Center - CVE-2011-1850'), (45172, 3, 32, 'Microsoft DFS service- CVE-2011-1868'), (45173, 3, 8, 'Microsoft Excel - MS11-045'), (45174, 3, 8, 'Internet Explorer - CVE-2011-1262'), (45176, 3, 21, 'Phoenix exploit kit'), (45177, 3, 8, 'Internet Explorer - CVE-2011-1260'), (45178, 3, 8, 'ActiveX - CVE-2011-1260'), (45179, 3, 8, 'CVE-2011-2110'), (45180, 3, 21, 'CVE-2011-2110'), (45181, 3, 8, 'Internet Explorer - CVE-2011-1255'), (45182, 3, 8, 'Internet Explorer - CVE-2011-1266'), (45183, 3, 8, 'Adobe PDF Reader - CVE-2011-2097'), (45184, 3, 21, 'Blackhole exploit kit'), (45185, 3, 47, 'XSS'), (45186, 3, 47, 'SQL injection'), (45187, 3, 32, 'Oracle Hyperion Strategic Finance'), (45188, 3, 32, 'HP Power Manager'), (45189, 3, 32, 'HP Data Protector Media exploitation'), (45190, 3, 32, 'Microsoft Windows Object Packager service'), (45191, 3, 32, 'Rerverse Shell detected'), (45192, 3, 47, 'Command execution'), (45193, 3, 47, '/etc/passwd accessed'), (45194, 3, 32, 'Symantec Remote Management'), (45195, 1, 47, 'SQL injection'), (45198, 3, 32, ''), (45199, 3, 32, ''), (45200, 1, 32, 'Microsoft RDP'), (45201, 5, 19, 'Weevely PHP shell'), (45202, 5, 19, 'Jembot PHP shell'), (45203, 3, 21, 'Unknown exploit kit'), (45204, 3, 21, 'Bleeding Life 2 exploit kit'), (45205, 3, 8, 'Adobe Flash Player - CVE-2012-0779'), (45206, 3, 8, 'Microsoft RTF - CVE-2012-0183'), (45207, 3, 21, 'Microsoft Excel'), (45208, 3, 21, 'Microsoft Windows'), (45209, 3, 21, 'RedKit exploit kit'), (45210, 3, 21, 'Java'), (45211, 3, 21, 'Malicious Javascript'), (45212, 1, 47, 'XSS'), (45213, 1, 47, 'Wordpress'), (45214, 1, 47, 'Joomla'), (45215, 1, 47, 'Mambo'), (45216, 1, 47, 'phpBB'), (45217, 1, 47, 'phpMyAdmin'), (45218, 1, 15, 'Flood against Apache web server'), (45219, 5, 19, 'PHP Shell C99 detected'), (45220, 3, 47, 'PHP-CGI exploit followed by web shell'), (45221, 3, 21, 'Sakura exploit kit'), (45222, 3, 21, 'Golfhole exploit kit'), (45223, 1, 47, 'Automated web attack or scan'), (45224, 1, 47, 'Generic web attack'), (45225, 3, 8, 'Adobe Flash - CVE-2012-2035'), (45226, 3, 8, 'Internet Explorer'), (45227, 3, 8, 'Internet Explorer - CVE-2012-1875'), (45228, 3, 8, 'Java - CVE-2012-0507'), (45229, 5, 19, 'Metasploit Meterpreter shell session detected'), (45230, 3, 8, 'Java'), (45231, 3, 8, 'Java'), (45232, 3, 8, 'Java - CVE-2011-3521'), (45233, 3, 21, 'NuclearPack exploit kit'), (45234, 3, 21, 'Incognito exploit kit'), (45235, 3, 8, 'Internet Explorer - CVE-2012-1889'), (45236, 3, 21, 'FoxxySoftware exploit kit'), (45237, 3, 21, 'G01pack exploit kit'), (45238, 3, 21, 'SofosFO exploit kit'), (45239, 1, 47, 'SQL injection'), (45240, 3, 21, 'KaiXin exploit kit'), (45241, 3, 8, 'Oracle Java - CVE-2012-1723'), (45242, 3, 21, 'Fragus exploit kit'), (45243, 3, 8, 'Internet Explorer'), (45244, 3, 32, 'Microsoft Remote Administration Protocol'), (45245, 3, 21, 'NeoSploit exploit kit'), (45246, 3, 8, 'Java - CVE-2012-4681'), (45247, 3, 8, 'Java - CVE-2012-4681'), (45248, 3, 21, 'Orange exploit kit'), (45249, 1, 38, 'Suspicious Oracle Java JAR file request to a bad IP reputation web server'), (45250, 1, 38, 'Suspicious Oracle Java JAR file served from a bad IP reputation web server'), (45251, 1, 38, 'Adobe PDF file served from a bad IP reputation web server'), (45252, 3, 8, 'Adobe Reader'), (45253, 3, 8, 'Internet Explorer - CVE-2012-4969'), (45254, 3, 21, 'PamDQL exploit kit'), (45255, 3, 21, ''), (45256, 1, 47, 'XSS detected'), (45257, 3, 21, 'EgyPack exploit kit'), (45258, 3, 21, 'Scalaxy exploit kit'), (45259, 3, 8, 'Adobe Flash'), (45260, 1, 21, ''), (45261, 3, 21, ''), (45262, 3, 21, ''), (45263, 3, 21, 'BegOpEK exploit kit'), (45264, 3, 8, 'Adobe Flash - CVE-2012-1535'), (50001, 1, 5, 'VsFtpd'), (50002, 1, 5, 'Login'), (50003, 1, 5, 'Windows'), (50004, 1, 5, 'Login'), (50005, 1, 5, 'Windows'), (50006, 1, 5, 'IsaKMP'), (50007, 1, 5, 'Xtacacs'), (50008, 1, 5, 'PCAnywhere'), (50009, 1, 5, 'Rlogin'), (50010, 1, 5, 'NetBIOS/SAMBA'), (50011, 1, 5, 'SIP'), (50013, 1, 5, 'HTTP'), (50014, 1, 5, 'MySQL'), (50015, 1, 5, 'NetBIOS/SAMBA'), (50016, 1, 5, 'Telnet'), (50018, 1, 5, 'Webmin'), (50019, 1, 5, 'OpenLDAP'), (50020, 1, 5, 'Login'), (50021, 1, 5, 'SSH'), (50022, 1, 5, 'HTTP'), (50023, 1, 5, 'Netbios/SAMBA'), (50024, 1, 5, 'VNC'), (50025, 1, 5, 'Netbios/SAMBA'), (50027, 1, 5, 'Cisco Firewall'), (50028, 1, 5, 'FTP'), (50029, 1, 5, 'Netbios/SAMBA'), (50030, 1, 5, 'FTP'), (50031, 1, 5, 'RIP'), (50032, 1, 5, 'NTP'), (50033, 1, 5, 'Cisco'), (50034, 1, 5, 'Cisco Enable'), (50035, 1, 5, 'Netbios/SAMBA'), (50036, 1, 5, 'FTP'), (50037, 1, 5, 'Telnet'), (50038, 1, 5, 'Rlogin'), (50039, 1, 5, 'POP3'), (50040, 1, 5, 'HTTP'), (50041, 1, 5, 'Courier Mail'), (50042, 1, 5, 'IsaKMP'), (50043, 1, 5, 'Microsoft SQL Server'), (50044, 1, 5, 'Fortigate'), (50045, 1, 5, 'Login'), (50046, 1, 5, 'Login'), (50047, 1, 5, 'Rlogin'), (50048, 1, 5, 'POP3'), (50049, 1, 5, 'Telnet'), (50050, 1, 5, 'FTP'), (50051, 1, 5, 'Microsoft SQL Server'), (50052, 1, 5, 'PCAnywhere'), (50053, 1, 5, 'IMAP'), (50054, 1, 5, 'Windows Telnet'), (50055, 1, 5, 'MySQL'), (50056, 1, 5, 'Nortel'), (50057, 1, 5, 'OpenLDAP'), (50058, 1, 5, 'Redback'), (50059, 1, 5, 'SSH'), (50060, 1, 5, 'Redback network device'), (50061, 1, 5, 'Mail'), (50062, 1, 5, 'Login'), (50063, 1, 5, 'Siteprotector'), (50064, 1, 5, 'FTP'), (50065, 1, 5, 'HTTP'), (50066, 1, 5, 'IMAP2bis'), (50067, 1, 5, 'IMAP4'), (50068, 1, 5, 'IMAP'), (50069, 1, 5, 'IPOP3D'), (50070, 1, 5, 'ISA Server'), (50071, 1, 5, 'LDAP'), (50072, 1, 5, 'UNIX'), (50073, 1, 5, 'SSH'), (50074, 1, 5, 'PCAnywhere'), (50075, 1, 5, 'POP3'), (50076, 1, 5, 'Proventia'), (50077, 1, 5, 'Qpopper'), (50078, 1, 5, 'Rlogin'), (50079, 1, 5, 'Microsoft SQL Server'), (50080, 1, 5, 'SIP'), (50081, 1, 5, 'Netbios/SAMBA'), (50082, 1, 5, 'SMTP'), (50083, 1, 5, 'SSL'), (50084, 1, 5, 'Telnet'), (50085, 1, 5, 'VNC'), (50086, 1, 5, 'SonicWall'), (50087, 1, 5, 'SonicWall'), (50088, 1, 5, 'SonicWall Radius'), (50089, 1, 5, 'Webmin'), (50090, 1, 5, 'Tomcat'), (50091, 1, 5, 'SMTP'), (50092, 1, 5, 'Microsoft Remote Desktop'), (50093, 1, 5, 'MySQL'), (50094, 1, 5, 'PostgreSQL'), (50095, 1, 5, 'SonicWall'), (50096, 1, 5, 'RDP'), (50097, 1, 5, 'IMAP'), (50098, 1, 5, 'SSH'), (50099, 1, 5, 'SSH'), (50100, 1, 5, 'Login'), (50101, 1, 5, 'Telnet'), (50102, 1, 5, 'Login'), (50103, 1, 5, 'HTTP'), (50104, 1, 5, 'Windows'), (50105, 1, 5, 'HTTP'), (50106, 1, 5, 'Tacas+Login'), (50107, 1, 5, 'VPN'), (50108, 1, 5, 'PAM UNIX'), (50109, 1, 5, 'WordPress'), (50110, 1, 5, 'POP3'), (50111, 1, 5, 'Microsoft SQL Server'), (50112, 1, 5, 'VNC service'), (50113, 1, 5, 'SSH service'), (50114, 1, 5, 'Login service'), (50115, 1, 5, 'IMAP Server'), (50116, 4, 24, 'DNS enumeration attack'), (50117, 1, 5, 'POP3'), (50118, 1, 5, 'Netbios/SAMBA'), (50119, 1, 5, 'PostreSQL database server'), (50120, 1, 5, 'Oracle Database');

-- Alarm kingdoms
CREATE TABLE IF NOT EXISTS `alienvault`.`alarm_kingdoms` (
  `id` INT NOT NULL AUTO_INCREMENT PRIMARY KEY , `name` VARCHAR( 128 ) NOT NULL, KEY `name` (`name`)
) ENGINE = INNODB DEFAULT CHARSET=utf8;

REPLACE INTO `alarm_kingdoms` (`id`, `name`) VALUES
(1, 'Delivery & Attack'), (2, 'Environmental Awareness'), (3, 'Exploitation & Installation'), (4, 'Reconnaissance & Probing'), (5, 'System Compromise');

-- Alarm categories
CREATE TABLE IF NOT EXISTS `alienvault`.`alarm_categories` (
  `id` INT NOT NULL AUTO_INCREMENT PRIMARY KEY , `name` VARCHAR( 128 ) NOT NULL, KEY `name` (`name`)
) ENGINE = INNODB DEFAULT CHARSET=utf8;


REPLACE INTO `alarm_categories` (`id`, `name`) VALUES
(1, 'Adware infection'), (2, 'Attack Tool detected'), (3, 'Backdoor'), (4, 'Botnet infection'), (5, 'Bruteforce Attack'), (6, 'C&C Communication'), (7, 'Chat'), (8, 'Client Side Exploit - Known Vulnerability'), (9, 'Confidential data'), (10, 'Configuration Access'), (11, 'Configuration Changed'), (12, 'Covert channel'), (13, 'Database Attack'), (14, 'Default Credentials'), (15, 'Denial of Service'), (16, 'External Proxy'), (17, 'File Sharing'), (18, 'Games'), (19, 'Hacking tool'), (20, 'ICS service exploit'), (21, 'Malicious website - Exploit Kit'), (22, 'Mobile trojan infection'), (23, 'Network Anomaly'), (24, 'Network Discovery'), (25, 'Network Protocol Attack'), (26, 'P2P'), (27, 'Policy violation'), (28, 'Portscan'), (29, 'Remote Desktop'), (30, 'Scan from internal network'), (31, 'Scanning'), (32, 'Service Exploit'), (33, 'Service discovery'), (34, 'Software Update'), (35, 'Spoofing'), (36, 'Spyware infection'), (37, 'Suspicious Behaviour'), (38, 'Suspicious File'), (39, 'System Error'), (40, 'Targeted Malware'), (41, 'Trojan infection'), (42, 'Unauthorized Access'), (43, 'Vulnerability Scanning'), (44, 'Vulnerable software'), (45, 'Weak configuration'), (46, 'Web vulnerability scanning'), (47, 'WebServer Attack'), (48, 'Worm infection'), (49, 'Fake Antivirus infection'), (50, 'Malware RAT'), (51, 'Malware infection'), (52, 'Ransonware infection');

-- Fix reports
REPLACE INTO `custom_report_types` (`id`, `name`, `type`, `file`, `inputs`, `sql`, `dr`) VALUES
(195, 'Top Events by Risk', 'SIEM Events', 'SIEM/TopEventsByRisk.php', 'Top Events by Risk:top:text:OSS_DIGIT:15:50;Product Type:sourcetype:select:OSS_ALPHA.OSS_SLASH.OSS_SPACE.OSS_NULLABLE:SOURCETYPE:;Event Category:category:select:OSS_DIGIT.OSS_NULLABLE:CATEGORY:;Event SubCategory:subcategory:select:OSS_DIGIT.OSS_NULLABLE:SUBCATEGORY:;DS Groups:plugin_groups:select:OSS_INPUT.OSS_NULLABLE:PLUGINGROUPS:', '', 30), (196, 'Last Events by Risk', 'SIEM Events', 'SIEM/LastEventsByRisk.php', 'Last Events by Risk:top:text:OSS_DIGIT:15:50;Product Type:sourcetype:select:OSS_ALPHA.OSS_SLASH.OSS_SPACE.OSS_NULLABLE:SOURCETYPE:;Event Category:category:select:OSS_DIGIT.OSS_NULLABLE:CATEGORY:;Event SubCategory:subcategory:select:OSS_DIGIT.OSS_NULLABLE:SUBCATEGORY:;DS Groups:plugin_groups:select:OSS_INPUT.OSS_NULLABLE:PLUGINGROUPS:', '', 30);

-- Perms
UPDATE IGNORE alienvault.acl_templates_perms SET ac_perm_id = 4 WHERE acl_templates_perms.ac_perm_id = 30;

DELETE FROM alienvault.acl_templates_perms WHERE ac_perm_id IN (2, 5, 7, 8, 13, 16, 20, 21, 26, 30, 37, 38, 43, 50, 56, 58, 59, 67, 68, 80);
DELETE FROM alienvault.acl_perm WHERE id IN (2, 5, 7, 8, 13, 16, 20, 21, 26, 30, 37, 38, 43, 50, 56, 58, 59, 67, 68, 80);

UPDATE alienvault.acl_perm SET ord = '';

UPDATE alienvault.acl_perm SET description = "Dashboard -> Overview", name = "dashboard-menu", ord = "01.01" WHERE id = 1;
UPDATE alienvault.acl_perm SET description = "Dashboard -> Overview -> Manage Dashboards", name = "dashboard-menu", ord = "01.02" WHERE id = 3;
UPDATE alienvault.acl_perm SET description = "Dashboard -> Overview -> Metrics", name = "dashboard-menu", ord = "01.03" WHERE id = 4;
UPDATE alienvault.acl_perm SET description = "Dashboard -> Risk Maps", name = "dashboard-menu", ord = "01.04" WHERE id = 46;
UPDATE alienvault.acl_perm SET description = "Dashboard -> Risk Maps -> Manage Risk Maps", name = "dashboard-menu", ord = "01.05" WHERE id = 47;
UPDATE alienvault.acl_perm SET description = "Dashboard -> OTX (Open Threat Exchange)", name = "dashboard-menu", ord = "01.06" WHERE id = 84;
UPDATE alienvault.acl_perm SET description = "Analysis -> Security Events (SIEM)", name = "analysis-menu", ord = "02.01" WHERE id = 48;
UPDATE alienvault.acl_perm SET description = "Analysis -> Security Events (SIEM) -> Real Time", name = "analysis-menu", ord = "02.02" WHERE id = 51;
UPDATE alienvault.acl_perm SET description = "Analysis -> Security Events (SIEM) -> Delete Events", name = "analysis-menu", ord = "02.03" WHERE id = 71;
UPDATE alienvault.acl_perm SET description = "Analysis -> Alarms", name = "analysis-menu", ord = "02.04" WHERE id = 60;
UPDATE alienvault.acl_perm SET description = "Analysis -> Alarms -> Delete Alarms", name = "analysis-menu", ord = "02.05" WHERE id = 70;
UPDATE alienvault.acl_perm SET description = "Analysis -> Alarms -> Reports", name = "analysis-menu", ord = "02.06" WHERE id = 19;
UPDATE alienvault.acl_perm SET description = "Analysis -> Raw Logs", name = "analysis-menu", ord = "02.07" WHERE id = 61;
UPDATE alienvault.acl_perm SET description = "Analysis -> Tickets", name = "analysis-menu", ord = "02.08" WHERE id = 22;
UPDATE alienvault.acl_perm SET description = "Analysis -> Tickets -> Open Tickets", name = "analysis-menu", ord = "02.09" WHERE id = 76;
UPDATE alienvault.acl_perm SET description = "Analysis -> Tickets -> Close/Delete Tickets", name = "analysis-menu", ord = "02.10" WHERE id = 77;
UPDATE alienvault.acl_perm SET description = "Analysis -> Tickets -> Manage Ticket Types", name = "analysis-menu", ord = "02.11" WHERE id = 23;
UPDATE alienvault.acl_perm SET description = "Analysis -> Tickets -> Manage Ticket Tags", name = "analysis-menu", ord = "02.12" WHERE id = 25;
UPDATE alienvault.acl_perm SET description = "Analysis -> Tickets -> Manage Email Templates", name = "analysis-menu", ord = "02.13" WHERE id = 40;
UPDATE alienvault.acl_perm SET description = "Analysis -> Tickets -> Reports", name = "analysis-menu", ord = "02.14" WHERE id = 24;
UPDATE alienvault.acl_perm SET description = "Environment -> Assets -> Hosts/Host Groups", name = "environment-menu", ord = "03.01"  WHERE id = 10;
UPDATE alienvault.acl_perm SET description = "Environment -> Assets -> Networks/Network Groups", name = "environment-menu", ord = "03.02"  WHERE id = 11;
UPDATE alienvault.acl_perm SET description = "Environment -> Assets -> Ports/Port Groups", name = "environment-menu", ord = "03.03"    WHERE id = 14;
UPDATE alienvault.acl_perm SET description = "Environment -> Assets -> Asset Discovery", name = "environment-menu", ord = "03.04"    WHERE id = 42;
UPDATE alienvault.acl_perm SET description = "Environment -> Assets -> OCS Inventory", name = "environment-menu", ord = "03.05"    WHERE id = 54;
UPDATE alienvault.acl_perm SET description = "Environment -> Assets Search", name = "environment-menu", ord = "03.06"    WHERE id = 64;
UPDATE alienvault.acl_perm SET description = "Environment -> Vulnerabilities", name = "environment-menu", ord = "03.07"    WHERE id = 49;
UPDATE alienvault.acl_perm SET description = "Environment -> Vulnerabilities -> Scan/Import", name = "environment-menu", ord = "03.08"    WHERE id = 72;
UPDATE alienvault.acl_perm SET description = "Environment -> Vulnerabilities -> Delete Scan Report", name = "environment-menu", ord = "03.09"    WHERE id = 73;
UPDATE alienvault.acl_perm SET description = "Environment -> Profiles", name = "environment-menu", ord = "03.10"    WHERE id = 27;
UPDATE alienvault.acl_perm SET description = "Environment -> Netflows", name = "environment-menu", ord = "03.11"    WHERE id = 66;
UPDATE alienvault.acl_perm SET description = "Environment -> Traffic Capture", name = "environment-menu", ord = "03.12"    WHERE id = 83;
UPDATE alienvault.acl_perm SET description = "Environment -> Availability", name = "environment-menu", ord = "03.13"    WHERE id = 28;
UPDATE alienvault.acl_perm SET description = "Environment -> Detection -> HIDS", name = "environment-menu", ord = "03.14"    WHERE id = 79;
UPDATE alienvault.acl_perm SET description = "Environment -> Detection -> HIDS -> Manage HIDS", name = "environment-menu", ord = "03.15"    WHERE id = 82;
UPDATE alienvault.acl_perm SET description = "Environment -> Detection -> Wireless IDS", name = "environment-menu", ord = "03.16"    WHERE id = 62;
UPDATE alienvault.acl_perm SET description = "Reports -> View Reports", name = "report-menu", ord = "04.01"    WHERE id = 65;
UPDATE alienvault.acl_perm SET description = "Reports -> Launch Asset Reports", name = "report-menu", ord = "04.02"    WHERE id = 18;
UPDATE alienvault.acl_perm SET description = "Reports -> Create Reports", name = "report-menu", ord = "04.03"    WHERE id = 74;
UPDATE alienvault.acl_perm SET description = "Reports -> Scheduler Reports", name = "report-menu", ord = "04.04"    WHERE id = 75;
UPDATE alienvault.acl_perm SET description = "Configuration -> Administration -> Users", name = "configuration-menu", ord = "05.01" WHERE id = 35;
UPDATE alienvault.acl_perm SET description = "Configuration -> Administration -> Users -> Activity", name = "configuration-menu", ord = "05.02" WHERE id = 39;
UPDATE alienvault.acl_perm SET description = "Configuration -> Administration -> Backup", name = "configuration-menu", ord = "05.03" WHERE id = 44;
UPDATE alienvault.acl_perm SET description = "Configuration -> Administration -> Scheduler", name = "configuration-menu", ord = "05.04" WHERE id = 85;
UPDATE alienvault.acl_perm SET description = "Configuration -> Deployment -> Smart Event Collection", name = "configuration-menu", ord = "05.05" WHERE id = 29;
UPDATE alienvault.acl_perm SET description = "Configuration -> Deployment -> Components -> Sensors", name = "configuration-menu", ord = "05.06" WHERE id = 12;
UPDATE alienvault.acl_perm SET description = "Configuration -> Deployment -> Components -> Servers", name = "configuration-menu", ord = "05.07" WHERE id = 53;
UPDATE alienvault.acl_perm SET description = "Configuration -> Threat Intelligence -> Policy", name = "configuration-menu", ord = "05.08" WHERE id = 9;
UPDATE alienvault.acl_perm SET description = "Configuration -> Threat Intelligence -> Actions", name = "configuration-menu", ord = "05.09" WHERE id = 15;
UPDATE alienvault.acl_perm SET description = "Configuration -> Threat Intelligence -> Directives", name = "configuration-menu", ord = "05.10" WHERE id = 31;
UPDATE alienvault.acl_perm SET description = "Configuration -> Threat Intelligence -> Compliance Mapping", name = "configuration-menu", ord = "05.11" WHERE id = 63;
UPDATE alienvault.acl_perm SET description = "Configuration -> Threat Intelligence -> Cross Correlation", name = "configuration-menu", ord = "05.12" WHERE id = 32;
UPDATE alienvault.acl_perm SET description = "Configuration -> Threat Intelligence -> Data Source", name = "configuration-menu", ord = "05.13" WHERE id = 36;
UPDATE alienvault.acl_perm SET description = "Configuration -> Threat Intelligence -> Data Source -> Manage Data Source Groups", name = "configuration-menu", ord = "05.14"    WHERE id = 17;
UPDATE alienvault.acl_perm SET description = "Configuration -> Threat Intelligence -> Knowledgebase", name = "configuration-menu", ord = "05.15"    WHERE id = 55;
UPDATE alienvault.acl_perm SET description = "Settings -> User Activity", name = "settings-menu", ord = "06.01" WHERE id = 69;
UPDATE alienvault.acl_perm SET description = "Support -> Downloads", name = "support-menu", ord = "07.01" WHERE id = 57;

-- Delete layouts
DELETE FROM user_config where name like '%layout';


--
-- `dashboard_tab_config` Data
--
REPLACE INTO `dashboard_tab_config` (`id`, `user`, `title`, `layout`, `icon`) VALUES
(11, '0', 'NIDS', 1, ''),
(12, '0', 'Risk Metrics', 1, '');


--
-- `dashboard_tab_options` Data
--
REPLACE INTO `alienvault`.`dashboard_tab_options` (SELECT 11, login, 0, 2 FROM `users`);
REPLACE INTO `alienvault`.`dashboard_tab_options` (SELECT 12, login, 0, 1 FROM `users`);



--
-- `dashboard_widget_config` Data
--
DELETE FROM `dashboard_widget_config` WHERE `panel_id` IN (11, 12);
REPLACE INTO `dashboard_widget_config` (`panel_id`, `type_id`, `user`, `col`, `fil`, `height`, `title`, `help`, `refresh`, `color`, `file`, `type`, `asset`, `media`, `params`) VALUES
(11, 13001, '0', 0, 0, 702, 'NIDS', 'Widget for AlienVault NIDS section.', 0, 'db_color_1', 'widgets/data/url.php', 'url', 'ALL_ASSETS', NULL, 'a:1:{s:7:"content";s:2:"11";}'),
(12, 13001, '0', 0, 0, 702, 'Risk Metrics', 'Widget for AlienVault Risk Metric section ', 0, 'db_color_1', 'widgets/data/url.php', 'url', 'ALL_ASSETS', NULL, 'a:1:{s:7:"content";s:1:"2";}');


REPLACE INTO config (conf, value) VALUES ('last_update', '2013-06-25');
REPLACE INTO config (conf, value) VALUES ('ossim_schema_version', '4.3.0');
COMMIT;
-- NOTHING BELOW THIS LINE / NADA DEBAJO DE ESTA LINEA
